Address;PrivKey;Balance;
AAAAAAAAAAAAAAAAAAAAAAAAAAAAAAAAAA;BBBBBBBBBBBBBBBBBBBBBBBBBBBBBBBBBBBBBBBBBBBBBBBBBBBB;1.0000000000
AAAAAAAAAAAAAAAAAAAAAAAAAAAAAAAAAA;BBBBBBBBBBBBBBBBBBBBBBBBBBBBBBBBBBBBBBBBBBBBBBBBBBBB;1.0000000000
AAAAAAAAAAAAAAAAAAAAAAAAAAAAAAAAAA;BBBBBBBBBBBBBBBBBBBBBBBBBBBBBBBBBBBBBBBBBBBBBBBBBBBB;1.0000000000
AAAAAAAAAAAAAAAAAAAAAAAAAAAAAAAAAA;BBBBBBBBBBBBBBBBBBBBBBBBBBBBBBBBBBBBBBBBBBBBBBBBBBBB;1.0000000000
AAAAAAAAAAAAAAAAAAAAAAAAAAAAAAAAAA;BBBBBBBBBBBBBBBBBBBBBBBBBBBBBBBBBBBBBBBBBBBBBBBBBBBB;1.0000000000
AAAAAAAAAAAAAAAAAAAAAAAAAAAAAAAAAA;BBBBBBBBBBBBBBBBBBBBBBBBBBBBBBBBBBBBBBBBBBBBBBBBBBBB;1.0000000000
AAAAAAAAAAAAAAAAAAAAAAAAAAAAAAAAAA;BBBBBBBBBBBBBBBBBBBBBBBBBBBBBBBBBBBBBBBBBBBBBBBBBBBB;1.0000000000
AAAAAAAAAAAAAAAAAAAAAAAAAAAAAAAAAA;BBBBBBBBBBBBBBBBBBBBBBBBBBBBBBBBBBBBBBBBBBBBBBBBBBBB;1.0000000000
AAAAAAAAAAAAAAAAAAAAAAAAAAAAAAAAAA;BBBBBBBBBBBBBBBBBBBBBBBBBBBBBBBBBBBBBBBBBBBBBBBBBBBB;1.0000000000
AAAAAAAAAAAAAAAAAAAAAAAAAAAAAAAAAA;BBBBBBBBBBBBBBBBBBBBBBBBBBBBBBBBBBBBBBBBBBBBBBBBBBBB;1.0000000000
AAAAAAAAAAAAAAAAAAAAAAAAAAAAAAAAAA;BBBBBBBBBBBBBBBBBBBBBBBBBBBBBBBBBBBBBBBBBBBBBBBBBBBB;1.0000000000
AAAAAAAAAAAAAAAAAAAAAAAAAAAAAAAAAA;BBBBBBBBBBBBBBBBBBBBBBBBBBBBBBBBBBBBBBBBBBBBBBBBBBBB;1.0000000000
AAAAAAAAAAAAAAAAAAAAAAAAAAAAAAAAAA;BBBBBBBBBBBBBBBBBBBBBBBBBBBBBBBBBBBBBBBBBBBBBBBBBBBB;1.0000000000
AAAAAAAAAAAAAAAAAAAAAAAAAAAAAAAAAA;BBBBBBBBBBBBBBBBBBBBBBBBBBBBBBBBBBBBBBBBBBBBBBBBBBBB;1.0000000000
AAAAAAAAAAAAAAAAAAAAAAAAAAAAAAAAAA;BBBBBBBBBBBBBBBBBBBBBBBBBBBBBBBBBBBBBBBBBBBBBBBBBBBB;1.0000000000
AAAAAAAAAAAAAAAAAAAAAAAAAAAAAAAAAA;BBBBBBBBBBBBBBBBBBBBBBBBBBBBBBBBBBBBBBBBBBBBBBBBBBBB;1.0000000000
AAAAAAAAAAAAAAAAAAAAAAAAAAAAAAAAAA;BBBBBBBBBBBBBBBBBBBBBBBBBBBBBBBBBBBBBBBBBBBBBBBBBBBB;1.0000000000
AAAAAAAAAAAAAAAAAAAAAAAAAAAAAAAAAA;BBBBBBBBBBBBBBBBBBBBBBBBBBBBBBBBBBBBBBBBBBBBBBBBBBBB;1.0000000000
AAAAAAAAAAAAAAAAAAAAAAAAAAAAAAAAAA;BBBBBBBBBBBBBBBBBBBBBBBBBBBBBBBBBBBBBBBBBBBBBBBBBBBB;1.0000000000
AAAAAAAAAAAAAAAAAAAAAAAAAAAAAAAAAA;BBBBBBBBBBBBBBBBBBBBBBBBBBBBBBBBBBBBBBBBBBBBBBBBBBBB;1.0000000000
AAAAAAAAAAAAAAAAAAAAAAAAAAAAAAAAAA;BBBBBBBBBBBBBBBBBBBBBBBBBBBBBBBBBBBBBBBBBBBBBBBBBBBB;1.0000000000
AAAAAAAAAAAAAAAAAAAAAAAAAAAAAAAAAA;BBBBBBBBBBBBBBBBBBBBBBBBBBBBBBBBBBBBBBBBBBBBBBBBBBBB;1.0000000000
AAAAAAAAAAAAAAAAAAAAAAAAAAAAAAAAAA;BBBBBBBBBBBBBBBBBBBBBBBBBBBBBBBBBBBBBBBBBBBBBBBBBBBB;1.0000000000
AAAAAAAAAAAAAAAAAAAAAAAAAAAAAAAAAA;BBBBBBBBBBBBBBBBBBBBBBBBBBBBBBBBBBBBBBBBBBBBBBBBBBBB;1.0000000000
AAAAAAAAAAAAAAAAAAAAAAAAAAAAAAAAAA;BBBBBBBBBBBBBBBBBBBBBBBBBBBBBBBBBBBBBBBBBBBBBBBBBBBB;1.0000000000
AAAAAAAAAAAAAAAAAAAAAAAAAAAAAAAAAA;BBBBBBBBBBBBBBBBBBBBBBBBBBBBBBBBBBBBBBBBBBBBBBBBBBBB;1.0000000000
AAAAAAAAAAAAAAAAAAAAAAAAAAAAAAAAAA;BBBBBBBBBBBBBBBBBBBBBBBBBBBBBBBBBBBBBBBBBBBBBBBBBBBB;1.0000000000
AAAAAAAAAAAAAAAAAAAAAAAAAAAAAAAAAA;BBBBBBBBBBBBBBBBBBBBBBBBBBBBBBBBBBBBBBBBBBBBBBBBBBBB;1.0000000000
